{"cameraMode":{"drawMode":0,"name":"Shaded","section":"Shading Mode"},"sceneLighting":true,"audioPlay":false,"sceneViewState":{"showFog":true,"showMaterialUpdate":false,"showSkybox":true,"showFlares":true,"showImageEffects":true,"showParticleSystems":true,"showVisualEffectGraphs":true,"m_FxEnabled":true},"in2DMode":false,"pivot":{"x":-0.2000102549791336,"y":0.9600000381469727,"z":0.03392142802476883},"rotation":{"x":0.017336077988147737,"y":0.08388859033584595,"z":-0.0014597377739846707,"w":0.9963236451148987},"size":1.2247449159622193,"orthographic":true}